{"cameraMode":{"drawMode":0,"name":"Shaded","section":"Shading Mode"},"sceneLighting":false,"audioPlay":false,"sceneViewState":{"m_AlwaysRefresh":true,"showFog":true,"showSkybox":true,"showFlares":true,"showImageEffects":false,"showParticleSystems":true,"showVisualEffectGraphs":true,"m_FxEnabled":true},"in2DMode":false,"pivot":{"x":15.592580795288086,"y":2.232957363128662,"z":4.129067420959473},"rotation":{"x":-0.059376031160354617,"y":0.8545187711715698,"z":-0.10016479343175888,"w":-0.5063118934631348},"size":0.8660253882408142,"orthographic":false}