{"cameraMode":{"drawMode":0,"name":"Shaded","section":"Shading Mode"},"sceneLighting":false,"audioPlay":false,"sceneViewState":{"m_AlwaysRefresh":true,"showFog":true,"showSkybox":true,"showFlares":true,"showImageEffects":false,"showParticleSystems":true,"showVisualEffectGraphs":true,"m_FxEnabled":true},"in2DMode":false,"pivot":{"x":18.521604537963868,"y":0.6574377417564392,"z":-3.4420032501220705},"rotation":{"x":-0.02145545743405819,"y":0.9773390293121338,"z":-0.16535970568656922,"w":-0.13094530999660493},"size":2.5338058471679689,"orthographic":false}