{"cameraMode":{"drawMode":0,"name":"Shaded","section":"Shading Mode"},"sceneLighting":false,"audioPlay":false,"sceneViewState":{"m_AlwaysRefresh":true,"showFog":true,"showSkybox":true,"showFlares":true,"showImageEffects":false,"showParticleSystems":true,"showVisualEffectGraphs":true,"m_FxEnabled":true},"in2DMode":false,"pivot":{"x":0.9248533248901367,"y":1.9398882389068604,"z":-0.5945744514465332},"rotation":{"x":0.15401549637317658,"y":0.3645442724227905,"z":-0.06122727692127228,"w":0.9163720011711121},"size":7.090041637420654,"orthographic":false}