{"cameraMode":{"drawMode":0,"name":"Shaded","section":"Shading Mode"},"sceneLighting":false,"audioPlay":false,"sceneViewState":{"m_AlwaysRefresh":true,"showFog":true,"showSkybox":true,"showFlares":true,"showImageEffects":false,"showParticleSystems":true,"showVisualEffectGraphs":true,"m_FxEnabled":true},"in2DMode":false,"pivot":{"x":18.320478439331056,"y":4.6945648193359379,"z":-0.6865279674530029},"rotation":{"x":-0.10740554332733154,"y":0.8468565344810486,"z":-0.18716785311698914,"w":-0.48612335324287417},"size":0.8660253882408142,"orthographic":false}