{"cameraMode":{"drawMode":0,"name":"Shaded","section":"Shading Mode"},"sceneLighting":false,"audioPlay":false,"sceneViewState":{"m_AlwaysRefresh":true,"showFog":true,"showSkybox":true,"showFlares":true,"showImageEffects":false,"showParticleSystems":true,"showVisualEffectGraphs":true,"m_FxEnabled":true},"in2DMode":false,"pivot":{"x":17.965600967407228,"y":15.991979598999024,"z":21.032724380493165},"rotation":{"x":0.10462615638971329,"y":-0.8418982625007629,"z":0.17640815675258637,"w":0.49958622455596926},"size":0.8660253882408142,"orthographic":false}