{"cameraMode":{"drawMode":0,"name":"Shaded","section":"Shading Mode"},"sceneLighting":false,"audioPlay":false,"sceneViewState":{"m_AlwaysRefresh":true,"showFog":true,"showSkybox":true,"showFlares":true,"showImageEffects":false,"showParticleSystems":true,"showVisualEffectGraphs":true,"m_FxEnabled":true},"in2DMode":false,"pivot":{"x":-18.60963249206543,"y":-0.2851219177246094,"z":19.682039260864259},"rotation":{"x":0.04043661803007126,"y":-0.4923514127731323,"z":0.022927554324269296,"w":0.8691845536231995},"size":10.898136138916016,"orthographic":false}