{"cameraMode":{"drawMode":0,"name":"Shaded","section":"Shading Mode"},"sceneLighting":false,"audioPlay":false,"sceneViewState":{"m_AlwaysRefresh":true,"showFog":true,"showSkybox":true,"showFlares":true,"showImageEffects":false,"showParticleSystems":true,"showVisualEffectGraphs":true,"m_FxEnabled":true},"in2DMode":false,"pivot":{"x":-28.158592224121095,"y":3.4008328914642336,"z":-107.33682250976563},"rotation":{"x":-0.00512939877808094,"y":0.897345781326294,"z":-0.011981780640780926,"w":-0.4413243234157562},"size":20.782390594482423,"orthographic":false}