{"cameraMode":{"drawMode":0,"name":"Shaded","section":"Shading Mode"},"sceneLighting":false,"audioPlay":false,"sceneViewState":{"m_AlwaysRefresh":true,"showFog":true,"showSkybox":true,"showFlares":true,"showImageEffects":false,"showParticleSystems":true,"showVisualEffectGraphs":true,"m_FxEnabled":true},"in2DMode":false,"pivot":{"x":23.32511329650879,"y":4.6625800132751469,"z":2.0971102714538576},"rotation":{"x":0.07621742784976959,"y":-0.875376284122467,"z":0.14831231534481049,"w":0.45399728417396548},"size":1.2250254154205323,"orthographic":false}