{"cameraMode":{"drawMode":0,"name":"Shaded","section":"Shading Mode"},"sceneLighting":false,"audioPlay":false,"sceneViewState":{"m_AlwaysRefresh":true,"showFog":true,"showSkybox":true,"showFlares":true,"showImageEffects":false,"showParticleSystems":true,"showVisualEffectGraphs":true,"m_FxEnabled":true},"in2DMode":false,"pivot":{"x":5.054061412811279,"y":7.284081935882568,"z":-7.603898048400879},"rotation":{"x":-0.36202582716941836,"y":-0.11062779277563095,"z":0.043373867869377139,"w":-0.9246199131011963},"size":0.25464630126953127,"orthographic":false}